Manhattan,WSS,BSS,BSS/WSS,InformationGain,WeightedEntropy
k = 2, 1.0091299223628317E11, 3.087502353501766E24, 3.05956872854639E13, 0.5684398882839413, 0.4315601117160587, 
Manhattan,WSS,BSS,BSS/WSS,InformationGain,WeightedEntropy
k = 4, 9.322850645583269E10, 7.12094396699988E23, 7.638161585666345E12, 0.7605555433724336, 0.23944445662756647, 
 
Manhattan,Entropy, Weighted Entropy
0, 0.4764109351040027, 0.42560645429469285
1, 0.05582947516082113, 0.005953657421365824
Manhattan,Entropy, Weighted Entropy
0, 0.012864309685494334, 0.007727161591097885
1, 0.1502576744194251, 0.01033917860325978
2, 0.8162115745647929, 0.21962366068921677
3, 0.028552417808222198, 0.0017544557439920481
