Manhattan,WSS,BSS,BSS/WSS,InformationGain,WeightedEntropy
k = 3, 1.5179065297535968E11, 1.1573261673026443E22, 7.624489022328102E10, 0.9728862565938923, 0.027113743406107678, 
 
Manhattan,Entropy, Weighted Entropy
0, 0.0952916531681578, 0.02689366441584793
1, 9.187555105319249E-4, 2.200789902597492E-4
2, 0.0, 0.0
