Manhattan,WSS,BSS,BSS/WSS,InformationGain,WeightedEntropy
k = 3, 2.6321311887318243E11, 1.725512995164296E24, 6.555573683223813E12, 0.9293446970842636, 0.07065530291573646, 
 
Manhattan,Entropy, Weighted Entropy
0, 0.0351223501603882, 0.010182091676324676
1, 4.027409789992887E-4, 2.541668773096391E-4
2, 0.46391144407455975, 0.03666727672352332
