Manhattan,WSS,BSS,BSS/WSS,InformationGain,WeightedEntropy
k = 2, 1.0317195683026764E11, 2.9196588335248193E24, 2.829895761624516E13, 0.9440337085088217, 0.05596629149117821, 
Manhattan,WSS,BSS,BSS/WSS,InformationGain,WeightedEntropy
k = 4, 1.0253457552120859E11, 4.229256218136628E23, 4.1247122706055723E12, 0.9478434330541983, 0.052156566945801765, 
 
Manhattan,Entropy, Weighted Entropy
0, 0.02352247251967028, 0.0208806307262389
1, 0.31239625825807227, 0.03508566076493931
Manhattan,Entropy, Weighted Entropy
0, 0.0, 0.0
1, 0.04157332508759573, 0.019098550417976277
2, 0.42309064468099, 0.026352394763474427
3, 0.13570083727837534, 0.006705621764351054
