Manhattan,WSS,BSS,BSS/WSS,InformationGain,WeightedEntropy
k = 2, 1.5183961037917791E10, 1.0880582970325691E21, 7.16583962719241E10, 0.8730701796831669, 0.1269298203168331, 
Manhattan,WSS,BSS,BSS/WSS,InformationGain,WeightedEntropy
k = 4, 1.458858797627532E10, 2.2387404234731808E20, 1.5345833518048016E10, 0.8843336726743267, 0.11566632732567332, 
 
Manhattan,Entropy, Weighted Entropy
0, 0.0699449715294084, 0.06333167447130283
1, 0.6726403579643601, 0.06359814584553024
Manhattan,Entropy, Weighted Entropy
0, 0.0, 0.0
1, 0.07273394283391756, 0.044214963848738485
2, 0.4878057046767954, 0.030365905116130514
3, 0.7916273287245534, 0.04108545836080432
